{"cameraMode":{"drawMode":0,"name":"Shaded","section":"Shading Mode"},"sceneLighting":false,"audioPlay":false,"sceneViewState":{"showFog":true,"showMaterialUpdate":false,"showSkybox":false,"showFlares":true,"showImageEffects":true,"showParticleSystems":true},"in2DMode":false,"pivot":{"x":11.98491382598877,"y":0.08784091472625733,"z":0.5933552384376526},"rotation":{"x":-0.24463015794754029,"y":-0.7515401840209961,"z":0.3872664272785187,"w":-0.47473880648612978},"size":2.0127458572387697,"orthographic":false}